{
    "data": {
        "about": "Co-chair of the Bill & Melinda Gates Foundation. Founder of Breakthrough Energy. Co-founder of Microsoft. Voracious reader. Avid traveler. Active blogger.",
        "city": "Seattle",
        "company": "Bill & Melinda Gates Foundation",
        "company_domain": "gatesfoundation.org",
        "company_employee_range": "1001 - 5000",
        "company_industry": "Non-profit Organizations",
        "company_linkedin_url": "https://www.linkedin.com/company/bill-&-melinda-gates-foundation",
        "company_logo_url": "https://media.licdn.com/dms/image/C4E0BAQE7Na_mKQhIJg/company-logo_400_400/0/1633731810932?e=1707350400&v=beta&t=Iah-n7_Q7sQ7yfxjdZSAzx5FMFoFk-jL09jiovMt3vc",
        "company_website": "https://www.gatesfoundation.org/about/careers",
        "company_year_founded": 2000,
        "connections_count": 9,
        "country": "United States",
        "current_company_join_month": null,
        "current_company_join_year": 2000,
        "educations": [
            {
                "activities": "",
                "date_range": "1973 - 1975",
                "degree": "",
                "description": "",
                "eduId": 157656829,
                "end_month": "",
                "end_year": 1975,
                "field_of_study": "",
                "grade": "",
                "school": "Harvard University",
                "school_id": "1646",
                "school_linkedin_url": "https://www.linkedin.com/company/1646/",
                "start_month": "",
                "start_year": 1973
            },
            {
                "activities": "",
                "date_range": "",
                "degree": "",
                "description": "",
                "eduId": 157676006,
                "end_month": "",
                "end_year": "",
                "field_of_study": "",
                "grade": "",
                "school": "Lakeside School",
                "school_id": "30288",
                "school_linkedin_url": "https://www.linkedin.com/company/30288/",
                "start_month": "",
                "start_year": ""
            }
        ],
        "email": "",
        "experiences": [
            {
                "company": "Bill & Melinda Gates Foundation",
                "company_id": "8736",
                "company_linkedin_url": "https://www.linkedin.com/company/8736",
                "current_company_join_month": "",
                "current_company_join_year": 2000,
                "date_range": "2000 - present",
                "description": "",
                "duration": "23 yrs 11 mos",
                "end_month": "",
                "end_year": "",
                "is_current": true,
                "location": "",
                "start_month": "",
                "start_year": 2000,
                "title": "Co-chair"
            },
            {
                "company": "Breakthrough Energy ",
                "company_id": "19141006",
                "company_linkedin_url": "https://www.linkedin.com/company/19141006",
                "date_range": "2015 - present",
                "description": "",
                "duration": "8 yrs 11 mos",
                "end_month": "",
                "end_year": "",
                "is_current": true,
                "location": "",
                "start_month": "",
                "start_year": 2015,
                "title": "Founder"
            },
            {
                "company": "Microsoft",
                "company_id": "1035",
                "company_linkedin_url": "https://www.linkedin.com/company/1035",
                "date_range": "1975 - present",
                "description": "",
                "duration": "48 yrs 11 mos",
                "end_month": "",
                "end_year": "",
                "is_current": true,
                "location": "",
                "start_month": "",
                "start_year": 1975,
                "title": "Co-founder"
            }
        ],
        "first_name": "Bill",
        "followers_count": 34916858,
        "full_name": "Bill Gates",
        "headline": "Co-chair, Bill & Melinda Gates Foundation",
        "hq_city": "Seattle",
        "hq_country": "US",
        "hq_region": "WA",
        "job_title": "Co-chair",
        "languages": "",
        "last_name": "Gates",
        "linkedin_url": "https://www.linkedin.com/in/williamhgates",
        "location": "Seattle, Washington, United States",
        "phone": "",
        "profile_id": "251749025",
        "profile_image_url": "https://media.licdn.com/dms/image/D5603AQHv6LsdiUg1kw/profile-displayphoto-shrink_800_800/0/1695167344576?e=1705536000&v=beta&t=P1BFT0A9KsZL12tRKi_WsbNSo0lwjTnkroWzx3Jx4vY",
        "public_id": "williamhgates",
        "school": "Harvard University",
        "state": "Washington",
        "urn": "ACoAAA8BYqEBCGLg_vT_ca6mMEqkpp9nVffJ3hc"
    },
    "message": "ok"
}